ID Apart,Check-In,Check-Out,ID Tenant,Tenant Name,Email
22,24/05/2021,20/08/2021,0,Zachary Mosley,zachary_mosley@hotmail.com
121,09/01/2021,15/01/2021,1,Beverly Schneider,beverly_schneider@gmail.com
24,12/07/2021,16/07/2021,2,Krista Simpson,krista_simpson@gmail.com
167,18/05/2021,18/08/2021,3,Janice Prince,janice_prince@gmail.com
37,29/10/2021,22/11/2021,4,Eric Rodriguez,eric_rodriguez@yahoo.com.br
80,11/11/2021,27/11/2021,5,Jennifer Sparks,jennifer_sparks@hotmail.com
171,16/08/2021,05/10/2021,6,Meghan Ochoa,meghan_ochoa@yahoo.com.br
74,03/12/2021,3/3/2022,7,Victoria Black,victoria_black@hotmail.com
103,18/07/2020,18/9/2020,8,Claudia Colon,claudia_colon@hotmail.com
42,10/06/2021,10/09/2021,9,Adam Mitchell,adam_mitchell@yahoo.com.br
158,25/08/2021,25/9/2021,10,Elizabeth Ray,elizabeth_ray@gmail.com
61,06/02/2021,15/2/2021,11,Robert Walker,robert_walker@hotmail.com
97,04/12/2020,24/12/2020,12,Amy Reeves,amy_reeves@gmail.com
123,22/04/2021,26/4/2021,13,Cassandra Simpson,cassandra_simpson@hotmail.com
52,25/01/2021,28/02/2021,14,Dalton Morris,dalton_morris@hotmail.com
101,10/12/2021,09/01/2022,15,Timothy Thomas,timothy_thomas@gmail.com
127,17/07/2021,17/11/2021,16,Felicia Henry,felicia_henry@hotmail.com
134,29/01/2021,14/2/2021,17,Rachel Figueroa,rachel_figueroa@gmail.com
33,15/07/2021,29/08/2021,18,David Dennis,david_dennis@yahoo.com.br
142,20/06/2021,20/8/2021,19,Matthew Reed,matthew_reed@gmail.com
111,25/10/2021,11/12/2021,20,Craig Johnson,craig_johnson@gmail.com
170,8/12/2021,12/1/2022,21,Bradley Green,bradley_green@hotmail.com
138,10/12/2021,11/03/2022,22,Nathan Lee,nathan_lee@gmail.com
32,23/05/2021,10/07/2021,23,Ralph Perez,ralph_perez@hotmail.com
101,27/08/2021,31/10/2021,24,Patrick Brooks,patrick_brooks@yahoo.com.br
129,02/12/2020,7/12/2020,25,Amber Anderson,amber_anderson@yahoo.com.br
10,10/12/2021,14/12/2021,26,Andrea Clarke,andrea_clarke@yahoo.com.br
94,24/07/2021,2/8/2021,27,Tracey Thompson,tracey_thompson@gmail.com
160,18/6/2021,29/6/2021,28,Rhonda Johnson,rhonda_johnson@hotmail.com
87,24/5/2021,24/6/2022,29,Brianna Brown,brianna_brown@gmail.com
89,27/11/2021,27/05/2022,30,Mary Thompson,mary_thompson@yahoo.com.br
156,31/3/2021,31/5/2021,31,Nicholas Wilson,nicholas_wilson@gmail.com
81,15/12/2021,14/1/2022,32,Lee Taylor,lee_taylor@gmail.com
128,16/11/2021,17/12/2021,33,Emily Graham,emily_graham@gmail.com
30,26/8/2021,10/9/2021,34,Brian Calhoun,brian_calhoun@yahoo.com.br
141,23/7/2021,23/12/2021,35,Melvin Hoover,melvin_hoover@gmail.com
73,17/9/2021,18/10/2021,36,Emily Salazar,emily_salazar@hotmail.com
82,18/6/2021,18/07/2021,37,Brendan Wong,brendan_wong@hotmail.com
3,5/12/2021,24/12/2021,38,James Taylor,james_taylor@yahoo.com.br
10,21/12/2021,28/12/2021,39,Brianna Andrews,brianna_andrews@gmail.com
34,20/12/2021,19/1/2022,40,Tanya Mann,tanya_mann@gmail.com
13,6/10/2021,4/2/2022,41,Wendy Ramos,wendy_ramos@gmail.com
125,27/8/2021,27/08/2022,42,Robert Huff,robert_huff@gmail.com
147,6/11/2021,20/12/2021,43,Sandy Powers,sandy_powers@hotmail.com
72,20/03/2021,20/05/2021,44,Ronald Melendez,ronald_melendez@yahoo.com.br
127,12/05/2021,17/05/2021,45,Erin Hill,erin_hill@yahoo.com.br
26,22/11/2021,05/01/2022,46,Dawn Blackwell,dawn_blackwell@gmail.com
122,07/06/2021,07/07/2021,47,Amy Lopez,amy_lopez@gmail.com
133,26/6/2021,04/09/2021,48,Donald Burke,donald_burke@hotmail.com
95,31/10/2021,05/12/2021,49,Krista Lee,krista_lee@gmail.com
100,01/12/2021,5/1/2022,50,Nicole Martin,nicole_martin@gmail.com
115,20/07/2021,07/08/2021,51,Michael Smith,michael_smith@gmail.com
129,11/11/2021,4/12/2021,52,Gina Oconnor,gina_oconnor@hotmail.com
74,1/7/2021,29/09/2021,53,Bruce Thompson,bruce_thompson@hotmail.com
139,9/1/2021,13/02/2021,54,Margaret Middleton,margaret_middleton@gmail.com
49,25/11/2021,26/1/2022,55,Gregory Mercado,gregory_mercado@gmail.com
58,22/7/2021,15/11/2021,56,Amy Mays,amy_mays@yahoo.com.br
34,2021-11-09,2021-12-09,57,Jeffery Strickland,jeffery_strickland@gmail.com
17,27/8/2021,9/2/2022,58,Luis Terry,luis_terry@hotmail.com
0,2021-10-25,2022-02-14,59,Dawn Wood MD,dawn_wood_md@gmail.com
166,30/5/2021,05/06/2021,60,Brian Joseph,brian_joseph@gmail.com
143,19/6/2021,20/06/2021,61,William Perez,william_perez@gmail.com
128,8/8/2021,15/11/2021,62,Joanne Carroll,joanne_carroll@gmail.com
119,16/8/2021,02/10/2021,63,Bobby Martinez,bobby_martinez@gmail.com
167,9/12/2021,09/01/2022,64,Danielle Baker,danielle_baker@hotmail.com
37,11/9/2021,19/10/2021,65,Wesley Norton,wesley_norton@hotmail.com
24,27/11/2021,10/01/2022,66,William Cook,william_cook@gmail.com
108,27/02/2021,6/5/2021,67,Hannah Matthews,hannah_matthews@hotmail.com
24,20/9/2021,20/10/2021,68,Ashley Smith,ashley_smith@gmail.com
59,10/04/2021,11/06/2021,69,Madison Durham,madison_durham@yahoo.com.br
68,20/01/2021,15/02/2021,70,Meredith Dixon,meredith_dixon@yahoo.com.br
170,30/10/2021,01/03/2022,71,Mr. Anthony Reyes,mr._anthony_reyes@yahoo.com.br
40,5/5/2021,27/07/2021,72,Patrick Campbell DDS,patrick_campbell_dds@yahoo.com.br
170,09/08/2021,12/08/2022,73,Stephen Parks,stephen_parks@yahoo.com.br
22,26/03/2021,08/05/2021,74,Latoya Brown,latoya_brown@yahoo.com.br
39,5/10/2020,16/10/2020,75,Adam Williamson,adam_williamson@hotmail.com
153,5/4/2021,05/05/2021,76,Kristen Williams,kristen_williams@gmail.com
45,28/08/2021,28/04/2022,77,Tara Olsen,tara_olsen@gmail.com
168,8/11/2021,11/12/2021,78,Mrs. Angela Oliver,mrs._angela_oliver@yahoo.com.br
100,18/09/2021,23/11/2021,79,Patrick Winters,patrick_winters@gmail.com
160,19/3/2021,03/04/2021,80,Cory Hampton,cory_hampton@gmail.com
64,18/02/2021,17/03/2021,81,David Maxwell,david_maxwell@gmail.com
139,10/7/2021,05/09/2021,23,Ralph Perez,ralph_perez@hotmail.com
31,30/06/2021,17/12/2021,82,Sarah Anthony,sarah_anthony@gmail.com
160,01/08/2020,16/08/2020,67,Hannah Matthews,hannah_matthews@hotmail.com
153,3/11/2021,3/12/2021,83,James Blake,james_blake@hotmail.com
43,23/10/2021,29/11/2021,84,Shirley Lawson,shirley_lawson@gmail.com
116,6/11/2021,21/12/2021,85,Stephen Smith,stephen_smith@gmail.com
16,10/7/2021,10/8/2021,85,Stephen Smith,stephen_smith@gmail.com
19,13/9/2021,10/10/2021,86,Shari Miller,shari_miller@yahoo.com.br
161,22/12/2021,03/01/2022,87,Brian Gonzales,brian_gonzales@gmail.com
78,15/10/2021,25/11/2021,88,Brenda Miller,brenda_miller@yahoo.com.br
109,14/4/2021,15/03/2022,89,Debra Kelley,debra_kelley@yahoo.com.br
30,15/11/2021,26/02/2022,90,Jaime Mora,jaime_mora@gmail.com
76,27/09/2021,27/06/2022,91,Alexander Porter,alexander_porter@gmail.com
172,22/11/2021,30/04/2022,62,Joanne Carroll,joanne_carroll@gmail.com
77,15/08/2021,15/12/2021,92,Jennifer Bell,jennifer_bell@hotmail.com
114,01/10/2021,04/12/2021,93,Anthony Decker,anthony_decker@yahoo.com.br
38,18/12/2021,18/01/2022,94,Craig Molina,craig_molina@yahoo.com.br
9,15/10/2021,15/12/2021,95,William Kennedy DDS,william_kennedy_dds@gmail.com
48,30/11/2021,30/12/2021,96,Dennis Aguilar,dennis_aguilar@gmail.com
149,10/02/2021,10/03/2021,25,Amber Anderson,amber_anderson@yahoo.com.br
140,17/11/2021,17/04/2022,97,Charles Clark,charles_clark@gmail.com
112,24/01/2021,7/5/2021,98,Daniel Sanders,daniel_sanders@yahoo.com.br
126,28/06/2021,05/10/2021,99,Katherine Yates,katherine_yates@gmail.com
35,11/09/2021,11/10/2021,100,Robert Jackson,robert_jackson@yahoo.com.br
146,04/06/2021,07/08/2021,101,Rebecca Hill,rebecca_hill@gmail.com
110,04/11/2021,01/03/2022,102,Andrew Hughes,andrew_hughes@yahoo.com.br
53,11/12/2021,02/01/2022,103,Katherine Green,katherine_green@yahoo.com.br
117,24/04/2021,21/01/2022,104,Kelli Rangel,kelli_rangel@hotmail.com
93,24/06/2021,01/07/2021,105,Judy Macias,judy_macias@gmail.com
73,14/06/2021,14/07/2021,106,James Arnold,james_arnold@gmail.com
2,29/05/2021,29/06/2021,107,William Gonzales,william_gonzales@hotmail.com
128,06/10/2020,19/12/2020,108,Carlos Small,carlos_small@hotmail.com
122,23/08/2021,31/10/2021,109,Donald Sanders,donald_sanders@gmail.com
79,11/03/2021,16/03/2021,110,Matthew Miller,matthew_miller@gmail.com
92,20/06/2021,05/07/2021,61,William Perez,william_perez@gmail.com
60,05/07/2021,01/10/2021,111,Sheila Mosley,sheila_mosley@gmail.com
62,26/03/2021,26/06/2022,112,Brandon Mata,brandon_mata@gmail.com
139,12/06/2021,18/06/2021,113,Mr. Donald Morris,mr._donald_morris@gmail.com
106,10/11/2021,12/12/2021,114,Heather Palmer,heather_palmer@hotmail.com
164,26/10/2020,27/03/2022,115,Daniel Russell,daniel_russell@hotmail.com
102,01/09/2021,28/02/2022,116,Tiffany Chandler,tiffany_chandler@hotmail.com
123,12/11/2020,02/02/2021,117,Michael Hill,michael_hill@hotmail.com
73,24/03/2021,13/06/2021,118,John Allen,john_allen@gmail.com
167,25/03/2021,25/04/2021,119,Kristine Sandoval,kristine_sandoval@gmail.com
143,07/08/2021,07/10/2021,120,David Brown,david_brown@gmail.com
160,04/01/2021,11/01/2021,121,Brandon Boyd,brandon_boyd@gmail.com
121,01/03/2021,17/03/2021,122,William Haynes,william_haynes@gmail.com
61,28/09/2020,30/10/2020,123,Mario Hamilton,mario_hamilton@hotmail.com
144,14/09/2021,03/10/2021,124,James Bell,james_bell@yahoo.com.br
98,02/05/2021,27/05/2021,125,Nancy Marquez,nancy_marquez@gmail.com
52,22/09/2021,10/11/2021,126,Jennifer Coleman,jennifer_coleman@gmail.com
12,13/06/2021,27/07/2021,127,Summer Kelley,summer_kelley@gmail.com
65,12/04/2021,12/5/2021,128,Candice Perry,candice_perry@gmail.com
9,05/09/2021,05/10/2021,129,Eric Olsen,eric_olsen@gmail.com
140,09/08/2021,04/09/2021,130,Michael Dodson,michael_dodson@yahoo.com.br
58,21/12/2021,20/02/2022,131,Robert Grant,robert_grant@yahoo.com.br
61,05/12/2021,04/01/2022,132,Thomas Green,thomas_green@gmail.com
27,18/05/2021,30/11/2021,133,Steven Lewis,steven_lewis@hotmail.com
88,11/08/2021,25/09/2021,134,Kenneth Ashley,kenneth_ashley@hotmail.com
106,08/08/2021,08/10/2021,135,Scott Moyer,scott_moyer@gmail.com
47,03/12/2021,03/01/2022,136,Greg Morales,greg_morales@gmail.com
63,07/10/2021,28/12/2021,137,Timothy Ramos,timothy_ramos@gmail.com
2,22/08/2021,24/11/2021,138,Jason Moore,jason_moore@yahoo.com.br
101,20/05/2021,06/07/2021,23,Ralph Perez,ralph_perez@hotmail.com
130,31/07/2021,31/08/2021,139,Erika Moss,erika_moss@gmail.com
30,28/02/2021,30/07/2021,140,Daniel Jenkins,daniel_jenkins@yahoo.com.br
104,31/10/2020,03/02/2021,11,Robert Walker,robert_walker@hotmail.com
5,31/10/2021,17/12/2021,141,Kimberly Blackwell,kimberly_blackwell@yahoo.com.br
76,04/08/2021,26/09/2021,142,Brenda Miller,brenda_miller@hotmail.com
4,25/07/2021,06/08/2021,143,Michelle Dillon MD,michelle_dillon_md@gmail.com
99,19/10/2020,16/02/2022,144,Kaitlyn Carter,kaitlyn_carter@gmail.com
132,07/07/2021,08/11/2021,145,John Smith,john_smith@gmail.com
169,25/11/2021,29/01/2022,146,Emily Pruitt,emily_pruitt@hotmail.com
165,09/09/2021,10/03/2022,147,Andrew Strong,andrew_strong@gmail.com
105,07/06/2021,13/06/2021,148,Daniel Mathis,daniel_mathis@gmail.com
101,17/07/2021,16/08/2021,149,Diana Bennett,diana_bennett@gmail.com
14,17/08/2021,15/10/2021,150,Michael Jones,michael_jones@gmail.com
18,24/03/2021,02/09/2021,151,Karen Horton,karen_horton@gmail.com
151,14/11/2021,23/12/2021,152,Robert Jensen,robert_jensen@yahoo.com.br
146,09/03/2021,24/03/2021,153,Lisa Henry,lisa_henry@gmail.com
55,16/11/2021,24/11/2021,154,Sara Wallace,sara_wallace@gmail.com
15,20/07/2021,20/08/2021,155,Robert Melendez,robert_melendez@gmail.com
92,28/07/2021,28/09/2021,156,Erica Lee,erica_lee@hotmail.com
108,19/02/2021,26/02/2021,117,Michael Hill,michael_hill@hotmail.com
22,05/03/2021,21/03/2021,102,Andrew Hughes,andrew_hughes@yahoo.com.br
70,15/12/2021,15/01/2022,157,Peter Henderson,peter_henderson@gmail.com
93,24/10/2021,16/12/2021,158,Ashley Pacheco,ashley_pacheco@yahoo.com.br
41,23/07/2021,20/12/2021,159,Tara Preston,tara_preston@gmail.com
15,03/10/2021,3/11/2021,160,Melissa Cabrera,melissa_cabrera@hotmail.com
44,11/10/2021,17/10/2021,161,Gary Williams,gary_williams@gmail.com
102,25/09/2021,28/03/2022,162,Terry Simon,terry_simon@gmail.com
7,06/01/2021,12/03/2021,163,Danielle Jackson,danielle_jackson@yahoo.com.br
67,18/11/2020,31/03/2021,164,Mindy Oliver,mindy_oliver@hotmail.com
160,06/03/2021,16/03/2021,165,Brittany Hess,brittany_hess@gmail.com
51,23/09/2021,01/01/2022,166,Susan Cooke,susan_cooke@yahoo.com.br
91,06/09/2021,09/10/2021,167,Nancy Jones,nancy_jones@gmail.com
46,10/12/2021,10/03/2022,168,Jennifer Becker,jennifer_becker@gmail.com
5,27/07/2021,09/08/2021,62,Joanne Carroll,joanne_carroll@gmail.com
129,20/12/2020,05/06/2021,169,Frank Bates,frank_bates@hotmail.com
97,23/11/2021,23/05/2022,170,Kevin Fitzpatrick,kevin_fitzpatrick@hotmail.com
140,28/09/2021,03/11/2021,171,Jeffrey Henderson,jeffrey_henderson@yahoo.com.br
135,20/11/2021,10/01/2022,172,Shawn Torres,shawn_torres@yahoo.com.br
1,01/11/2021,02/03/2022,173,Nicole Young,nicole_young@gmail.com
24,24/09/2021,24/11/2021,174,Lee Silva,lee_silva@hotmail.com
36,23/12/2020,28/01/2021,175,William Jackson,william_jackson@hotmail.com
110,2/8/2021,3/11/2021,27,Tracey Thompson,tracey_thompson@gmail.com
73,19/07/2021,20/08/2021,176,Zachary Wilson,zachary_wilson@gmail.com
152,09/08/2021,09/10/2021,177,Benjamin Howell,benjamin_howell@gmail.com
166,23/03/2021,01/04/2021,178,Richard Dawson,richard_dawson@yahoo.com.br
116,29/07/2021,31/10/2021,179,Tommy Barnes,tommy_barnes@hotmail.com
136,20/06/2021,11/07/2021,180,Robert Lucas,robert_lucas@gmail.com
123,25/07/2021,25/09/2021,181,Laura Williams,laura_williams@gmail.com
78,04/09/2021,07/10/2021,182,Scott Cooper,scott_cooper@hotmail.com
128,23/12/2020,09/01/2021,183,Timothy Jacobs,timothy_jacobs@yahoo.com.br
167,19/02/2021,13/03/2021,184,Mark Avila,mark_avila@gmail.com
121,18/01/2021,07/02/2021,185,Laura Rodriguez,laura_rodriguez@yahoo.com.br
144,30/06/2021,17/07/2021,186,Robyn Freeman,robyn_freeman@yahoo.com.br
55,08/06/2021,08/11/2021,187,Michael Adams PhD,michael_adams_phd@hotmail.com
97,15/07/2021,14/09/2021,188,Anthony Martinez,anthony_martinez@hotmail.com
91,24/08/2020,23/09/2020,189,Ashlee Moore,ashlee_moore@gmail.com
69,28/10/2020,15/06/2022,190,James King,james_king@gmail.com
155,24/01/2021,15/03/2021,191,Terri Abbott,terri_abbott@gmail.com
77,22/08/2021,08/10/2021,192,Charles Harris,charles_harris@gmail.com
105,14/06/2021,14/03/2022,193,Nathan Lee,nathan_lee@hotmail.com
68,26/11/2020,07/12/2020,194,Ann Stone,ann_stone@gmail.com
166,08/04/2021,25/04/2021,178,Richard Dawson,richard_dawson@yahoo.com.br
5,16/08/2021,24/10/2021,158,Ashley Pacheco,ashley_pacheco@yahoo.com.br
36,17/08/2020,22/12/2020,195,David Lambert,david_lambert@yahoo.com.br
156,15/03/2021,22/03/2021,196,Tricia Martin DVM,tricia_martin_dvm@gmail.com
122,03/11/2021,03/12/2021,197,Amanda Shaw,amanda_shaw@gmail.com
47,13/12/2021,26/01/2022,198,Katelyn Davis,katelyn_davis@yahoo.com.br
122,02/12/2021,02/01/2022,199,Evan West,evan_west@gmail.com
83,08/10/2021,30/10/2021,200,Ashley Morse,ashley_morse@gmail.com
68,17/02/2021,20/02/2021,122,William Haynes,william_haynes@gmail.com
29,19/08/2021,19/08/2022,140,Daniel Jenkins,daniel_jenkins@yahoo.com.br
58,30/05/2021,07/06/2021,201,Jeffery Sherman,jeffery_sherman@gmail.com
83,09/12/2021,25/12/2021,202,Patricia Day,patricia_day@yahoo.com.br
160,07/02/2021,20/02/2021,203,Randy Perez,randy_perez@yahoo.com.br
84,09/09/2021,09/10/2021,204,Ashley Parker,ashley_parker@gmail.com
6,09/10/2021,09/11/2021,177,Benjamin Howell,benjamin_howell@gmail.com
155,01/04/2021,14/06/2021,205,Jill Montes,jill_montes@gmail.com
23,09/12/2021,08/01/2022,206,Erica Johnson,erica_johnson@gmail.com
4,31/10/2021,17/12/2021,207,Andrew Palmer,andrew_palmer@gmail.com
86,09/09/2021,2/12/2021,208,Alicia Hahn,alicia_hahn@hotmail.com
8,06/12/2021,11/01/2022,209,Christopher Chung,christopher_chung@gmail.com
11,14/02/2021,16/03/2021,210,Nichole Brooks,nichole_brooks@gmail.com
40,09/08/2021,09/02/2022,211,Angela Mills,angela_mills@gmail.com
76,26/06/2021,03/07/2021,13,Cassandra Simpson,cassandra_simpson@hotmail.com
25,17/12/2021,17/01/2022,212,Kyle Martin,kyle_martin@gmail.com
14,28/02/2021,16/08/2021,213,Daniel Archer,daniel_archer@gmail.com
120,21/11/2021,26/12/2021,214,Nicholas Edwards,nicholas_edwards@yahoo.com.br
35,16/08/2021,17/08/2021,91,Alexander Porter,alexander_porter@gmail.com
70,05/08/2021,05/08/2022,42,Robert Huff,robert_huff@gmail.com
79,22/03/2021,25/03/2021,215,Pamela Weaver,pamela_weaver@gmail.com
30,06/08/2021,25/09/2021,216,Jerry Morris,jerry_morris@yahoo.com.br
80,29/05/2021,10/10/2021,217,Scott Padilla,scott_padilla@gmail.com
124,28/11/2020,14/11/2021,218,Andrew Brooks,andrew_brooks@yahoo.com.br
68,04/12/2021,04/01/2022,219,Megan Henderson,megan_henderson@gmail.com
66,16/10/2020,16/12/2020,75,Adam Williamson,adam_williamson@hotmail.com
97,15/09/2021,14/10/2021,220,Monique King,monique_king@yahoo.com.br
59,12/06/2021,14/08/2021,221,Mr. James Ward,mr._james_ward@gmail.com
21,18/06/2021,03/02/2022,113,Mr. Donald Morris,mr._donald_morris@gmail.com
112,08/05/2021,26/01/2022,74,Latoya Brown,latoya_brown@yahoo.com.br
71,13/10/2021,20/11/2021,85,Stephen Smith,stephen_smith@gmail.com
137,11/12/2020,18/12/2020,222,Mr. Jerry Alexander,mr._jerry_alexander@gmail.com
163,04/09/2021,04/09/2021,223,Dennis Shaw,dennis_shaw@gmail.com
132,08/11/2021,23/12/2021,224,Daniel Murray,daniel_murray@gmail.com
72,07/08/2021,07/09/2021,51,Michael Smith,michael_smith@gmail.com
137,12/05/2021,12/02/2022,225,Jon Williams,jon_williams@hotmail.com
7,03/12/2020,04/12/2020,226,Tina Stone,tina_stone@gmail.com
157,17/07/2021,17/08/2021,227,Jesse Orr,jesse_orr@gmail.com
107,01/09/2021,01/10/2021,56,Amy Mays,amy_mays@yahoo.com.br
98,11/06/2021,28/02/2022,37,Brendan Wong,brendan_wong@hotmail.com
136,17/10/2021,31/12/2021,228,Michelle Smith,michelle_smith@gmail.com
114,06/12/2021,06/03/2022,229,Sara Jones,sara_jones@hotmail.com
60,01/03/2021,03/07/2021,230,Danielle Hampton,danielle_hampton@gmail.com
154,13/10/2020,14/10/2021,231,Kaitlyn Sosa,kaitlyn_sosa@gmail.com
65,19/02/2021,05/03/2021,232,Michael Haley,michael_haley@hotmail.com
55,10/12/2021,11/03/2022,233,Robert Cline,robert_cline@gmail.com
52,27/11/2020,02/01/2021,234,Marcus Taylor,marcus_taylor@gmail.com
87,09/01/2021,20/05/2021,235,Erin Mason,erin_mason@gmail.com
126,01/05/2021,27/06/2021,236,Kim White,kim_white@hotmail.com
96,11/12/2021,08/03/2022,237,Kristin Thomas,kristin_thomas@yahoo.com.br
79,03/08/2021,22/12/2021,238,Lisa Callahan,lisa_callahan@gmail.com
24,18/07/2021,18/09/2021,239,Samantha Ramirez,samantha_ramirez@hotmail.com
159,13/07/2021,13/08/2021,240,Richard Green,richard_green@gmail.com
120,13/10/2021,14/11/2021,241,Eric Baker,eric_baker@gmail.com
28,20/08/2021,20/09/2021,242,Rita Smith,rita_smith@gmail.com
72,29/05/2021,06/08/2021,85,Stephen Smith,stephen_smith@gmail.com
20,08/11/2021,25/02/2022,243,Frances Jackson,frances_jackson@gmail.com
166,22/11/2021,22/12/2021,244,Robert Wilkinson,robert_wilkinson@yahoo.com.br
0,31/01/2021,14/03/2021,245,Matthew Kim,matthew_kim@gmail.com
103,13/10/2020,12/11/2020,246,Carolyn Simmons,carolyn_simmons@gmail.com
22,25/07/2021,25/01/2022,35,Melvin Hoover,melvin_hoover@gmail.com
131,19/06/2021,23/10/2021,247,Teresa Lee,teresa_lee@yahoo.com.br
57,06/10/2021,06/11/2021,248,John Thomas,john_thomas@yahoo.com.br
166,07/03/2021,14/3/2021,249,Jessica Long,jessica_long@hotmail.com
30,19/12/2020,18/01/2021,250,Guy Smith,guy_smith@yahoo.com.br
99,19/09/2020,19/10/2020,251,Lori Hill,lori_hill@gmail.com
120,24/09/2021,29/09/2021,163,Danielle Jackson,danielle_jackson@yahoo.com.br
143,16/01/2021,16/06/2021,252,Tracy Ellis,tracy_ellis@hotmail.com
85,08/10/2021,08/06/2022,253,John Romero,john_romero@gmail.com
16,02/05/2021,25/05/2021,254,Gregory Roberts,gregory_roberts@gmail.com
13,28/06/2021,28/08/2021,255,Robert Hurst,robert_hurst@yahoo.com.br
141,07/07/2021,07/08/2021,256,Amanda Martin,amanda_martin@hotmail.com
148,12/12/2021,20/01/2022,257,Bruce Wheeler,bruce_wheeler@yahoo.com.br
108,02/02/2021,10/02/2021,258,Timothy Martin,timothy_martin@gmail.com
39,18/10/2020,19/12/2020,259,Holly Anderson,holly_anderson@gmail.com
162,24/07/2021,01/09/2021,260,Hunter Jackson,hunter_jackson@gmail.com
171,06/10/2021,23/03/2022,261,Sarah Moreno,sarah_moreno@gmail.com
35,12/10/2021,12/06/2022,262,Evelyn Carlson,evelyn_carlson@yahoo.com.br
80,04/12/2021,04/01/2022,263,Megan Park,megan_park@gmail.com
167,07/11/2021,08/12/2021,264,Caroline Ray,caroline_ray@gmail.com
39,25/07/2021,25/07/2022,265,Kristen Krueger,kristen_krueger@yahoo.com.br
50,31/10/2021,09/01/2022,266,William Nguyen,william_nguyen@gmail.com
153,29/09/2021,31/10/2021,163,Danielle Jackson,danielle_jackson@yahoo.com.br
160,02/06/2021,17/06/2021,238,Lisa Callahan,lisa_callahan@gmail.com
127,13/03/2021,08/05/2021,267,Terry Smith,terry_smith@gmail.com
39,26/05/2021,24/07/2021,268,Brian Petty MD,brian_petty_md@yahoo.com.br
145,13/12/2021,13/03/2022,269,Danielle Hernandez,danielle_hernandez@yahoo.com.br
169,01/08/2021,21/8/2021,270,Dalton Williams,dalton_williams@hotmail.com
130,06/09/2021,27/09/2021,271,Anita Lam,anita_lam@hotmail.com
158,14/08/2021,24/08/2021,272,Richard Rollins,richard_rollins@gmail.com
56,14/12/2021,14/02/2022,273,Robert Lowe,robert_lowe@yahoo.com.br
90,22/12/2021,22/02/2022,274,Michelle Brown,michelle_brown@gmail.com
103,17/11/2020,17/12/2020,275,Amy Graham,amy_graham@gmail.com
21,21/11/2020,18/06/2021,276,Mary Nolan,mary_nolan@gmail.com
11,03/02/2021,14/02/2021,117,Michael Hill,michael_hill@hotmail.com
118,30/09/2020,15/03/2021,277,Johnathan Miller,johnathan_miller@hotmail.com
54,22/09/2021,31/03/2022,278,Kayla Williams,kayla_williams@gmail.com
32,11/08/2021,25/08/2021,279,Dawn Morrow,dawn_morrow@hotmail.com
75,11/12/2021,09/01/2022,280,Victoria Brown,victoria_brown@gmail.com
150,23/10/2021,30/11/2021,281,William Hicks,william_hicks@gmail.com
53,19/09/2021,12/10/2021,282,Amanda Thomas,amanda_thomas@gmail.com
113,04/04/2021,04/10/2021,283,Walter Taylor,walter_taylor@gmail.com
85,29/08/2021,30/9/2021,284,Jill Floyd,jill_floyd@gmail.com
97,08/09/2020,08/10/2020,285,Cindy Dillon,cindy_dillon@gmail.com
110,19/04/2021,01/08/2021,286,William Moore,william_moore@gmail.com
29,20/06/2021,31/12/2022,251,Samuel Taylor,samuel_taylor@hotmail.com
154,12/06/2021,27/08/2021,252,Kathryn Shaw,kathryn_shaw@gmail.com
218,14/06/2021,14/03/2022,253,Tammy Allen,tammy_allen@gmail.com
140,08/06/2021,08/11/2021,254,Michael Riley,michael_riley@gmail.com
252,16/06/2021,31/08/2021,255,Kimberly Hayes,kimberly_hayes@hotmail.com
108,27/07/2021,15/09/2021,256,Angel Coleman,angel_coleman@gmail.com
56,15/06/2021,14/09/2021,257,Anna Boyd,anna_boyd@yahoo.com.br
142,09/06/2021,09/09/2021,258,Anthony Ferguson,anthony_ferguson@gmail.com
252,09/06/2021,13/07/2021,259,James Green,james_green@gmail.com
177,11/06/2021,21/11/2021,260,Calvin Burns,calvin_burns@gmail.com
26,11/06/2021,28/02/2022,261,Alan Turner,alan_turner@yahoo.com.br
99,20/06/2021,31/07/2021,262,Randall Valencia,randall_valencia@gmail.com
24,01/07/2021,09/11/2021,263,Justin Green,justin_green@yahoo.com.br
47,12/06/2021,18/06/2021,264,Brian Stewart,brian_stewart@yahoo.com.br
111,25/07/2021,09/10/2021,265,Erica Curry,erica_curry@yahoo.com.br
222,14/06/2021,14/05/2022,266,Rita Walker,rita_walker@hotmail.com
40,14/06/2021,14/07/2021,267,Anthony Trujillo,anthony_trujillo@yahoo.com.br
177,27/08/2021,09/02/2022,268,Stephanie Reed,stephanie_reed@gmail.com
218,07/06/2021,13/06/2021,269,Jennifer Johnson,jennifer_johnson@hotmail.com
79,17/06/2021,05/07/2021,270,Laura Cohen,laura_cohen@hotmail.com
79,07/07/2021,09/08/2021,271,Alexander Baker,alexander_baker@gmail.com
195,16/06/2021,16/07/2021,272,Traci Allen,traci_allen@yahoo.com.br
240,26/06/2021,03/07/2021,167,Ashlee Williams,ashlee_williams@gmail.com
215,28/06/2021,28/09/2021,273,Kendra Jefferson,kendra_jefferson@gmail.com
72,29/07/2021,31/10/2021,274,Charles Hinton,charles_hinton@gmail.com
96,28/06/2021,05/10/2021,273,Kendra Jefferson,kendra_jefferson@gmail.com
187,29/06/2021,04/07/2021,32,Jo Frost,jo_frost@gmail.com
215,18/06/2021,18/07/2021,261,Alan Turner,alan_turner@yahoo.com.br
114,19/06/2021,20/06/2021,275,Janice Cox,janice_cox@gmail.com
111,25/07/2021,25/07/2022,276,Jason Mahoney,jason_mahoney@gmail.com
27,21/06/2021,12/07/2021,277,David Smith,david_smith@yahoo.com.br
124,20/06/2021,05/07/2021,275,Janice Cox,janice_cox@gmail.com
58,18/06/2021,03/02/2022,264,Brian Stewart,brian_stewart@yahoo.com.br
106,30/06/2021,17/12/2021,278,Austin Miller,austin_miller@gmail.com
76,29/06/2021,31/03/2022,222,Ronnie Hale,ronnie_hale@hotmail.com
119,08/07/2021,11/08/2021,225,Matthew Curtis,matthew_curtis@hotmail.com
215,24/06/2021,24/07/2021,279,Monica Gibson,monica_gibson@gmail.com
164,03/07/2021,05/09/2021,280,Mike Frederick,mike_frederick@yahoo.com.br
118,24/06/2021,01/07/2021,281,Joseph Hopkins III,joseph_hopkins_iii@gmail.com
94,23/06/2021,29/07/2021,234,Andrea Ponce,andrea_ponce@gmail.com
98,26/06/2021,04/09/2021,282,Joseph Mahoney,joseph_mahoney@yahoo.com.br
6,03/07/2021,20/08/2021,283,Barbara Rojas,barbara_rojas@gmail.com
158,20/07/2021,20/08/2021,284,William Park,william_park@gmail.com
214,05/07/2021,01/10/2021,285,Jose Brown,jose_brown@hotmail.com
230,28/06/2021,28/08/2021,286,Andrea Riley,andrea_riley@hotmail.com
144,04/07/2021,10/10/2021,287,Mark Murray,mark_murray@gmail.com
83,01/07/2021,29/09/2021,288,Sara Carpenter,sara_carpenter@hotmail.com
10,30/06/2021,15/08/2021,289,Tyler Lin,tyler_lin@hotmail.com
114,30/06/2021,03/08/2021,290,Kimberly Taylor,kimberly_taylor@yahoo.com.br
14,13/06/2021,27/07/2021,206,Aaron Ross,aaron_ross@gmail.com
208,05/07/2021,18/07/2021,291,Dustin Gray,dustin_gray@gmail.com
64,30/06/2021,17/07/2021,292,Daniel Oneill,daniel_oneill@gmail.com
263,08/07/2021,25/08/2021,238,Jennifer Barnes,jennifer_barnes@gmail.com
137,25/07/2021,25/01/2022,293,Peter Donaldson,peter_donaldson@yahoo.com.br
115,29/07/2021,04/11/2021,294,Katie Cummings,katie_cummings@hotmail.com
187,05/07/2021,03/08/2021,295,Anthony Coleman,anthony_coleman@yahoo.com.br
102,07/07/2021,08/11/2021,187,Sandra Rodriguez,sandra_rodriguez@gmail.com
69,03/07/2021,18/08/2021,296,Kathy Pope,kathy_pope@yahoo.com.br
65,11/07/2021,14/08/2021,297,Heather Hill,heather_hill@yahoo.com.br
159,15/07/2021,29/08/2021,298,Richard Pace,richard_pace@gmail.com
118,03/07/2021,30/09/2021,167,Ashlee Williams,ashlee_williams@gmail.com
256,12/07/2021,09/10/2021,299,Jerry Myers,jerry_myers@hotmail.com
153,06/07/2021,05/08/2021,300,Adam Bradley,adam_bradley@yahoo.com.br
240,04/07/2021,03/08/2021,301,Michael Johnson,michael_johnson@yahoo.com.br
75,05/07/2021,20/08/2021,302,Joseph Trujillo,joseph_trujillo@gmail.com
39,06/07/2021,21/07/2021,303,Courtney Davis,courtney_davis@gmail.com
195,17/07/2021,17/11/2021,304,Nathaniel Gutierrez,nathaniel_gutierrez@gmail.com
100,13/07/2021,13/08/2021,305,Sharon Ruiz,sharon_ruiz@yahoo.com.br
17,08/07/2021,31/07/2021,306,Laura Walker,laura_walker@hotmail.com
124,28/07/2021,28/09/2021,307,Patricia Moore,patricia_moore@gmail.com
121,06/07/2021,06/09/2021,204,Angel Garcia,angel_garcia@hotmail.com
47,10/07/2021,05/09/2021,204,Angel Garcia,angel_garcia@hotmail.com
127,07/07/2021,07/08/2021,308,Kimberly Lawrence,kimberly_lawrence@gmail.com
60,11/07/2021,07/08/2021,309,Donna Garner,donna_garner@gmail.com
155,09/08/2021,12/08/2022,310,Frank Perez,frank_perez@yahoo.com.br
151,17/07/2021,17/12/2022,49,Katherine Cook,katherine_cook@gmail.com
168,12/07/2021,16/07/2021,311,Shannon Lindsey,shannon_lindsey@gmail.com
215,30/07/2021,18/08/2021,312,April Hayes,april_hayes@gmail.com
82,12/07/2021,10/08/2021,277,David Smith,david_smith@yahoo.com.br
27,13/07/2021,07/10/2021,313,Cynthia Wall,cynthia_wall@yahoo.com.br
21,15/07/2021,14/09/2021,314,Barbara Lara,barbara_lara@gmail.com
181,01/08/2021,31/08/2021,315,Brian Jones,brian_jones@gmail.com
258,15/08/2021,23/08/2021,316,Monique Morgan,monique_morgan@hotmail.com
238,14/07/2021,13/08/2021,317,Jason Lopez,jason_lopez@gmail.com
64,18/07/2021,07/09/2021,318,Megan Glenn,megan_glenn@hotmail.com
208,20/07/2021,20/10/2021,319,Lisa Kirk,lisa_kirk@gmail.com
39,27/07/2021,27/10/2021,320,Jesse Salazar,jesse_salazar@yahoo.com.br
240,04/08/2021,26/09/2021,321,John Fuentes,john_fuentes@hotmail.com
13,17/07/2021,16/08/2021,322,Jennifer Walker,jennifer_walker@yahoo.com.br
78,24/07/2021,01/09/2021,323,Nicole Smith,nicole_smith@gmail.com
125,24/07/2021,07/08/2021,324,Brent Dodson,brent_dodson@gmail.com
87,25/07/2021,06/08/2021,325,Jared Hawkins,jared_hawkins@yahoo.com.br
219,09/08/2021,09/02/2022,326,Michael Lynch,michael_lynch@gmail.com
237,23/07/2021,20/12/2021,327,Mary Hicks,mary_hicks@gmail.com
122,20/07/2021,07/08/2021,328,Megan Sanchez,megan_sanchez@gmail.com
210,07/08/2021,07/09/2021,328,Megan Sanchez,megan_sanchez@gmail.com
127,23/07/2021,23/12/2021,293,Peter Donaldson,peter_donaldson@yahoo.com.br
51,17/07/2021,17/08/2021,329,Dr. Rebekah Moore,dr._rebekah_moore@gmail.com
210,09/08/2021,24/10/2021,69,Michael Johnson,michael_johnson@hotmail.com
153,06/08/2021,18/12/2021,330,James Rasmussen,james_rasmussen@gmail.com
168,18/07/2021,18/09/2021,331,Michelle Bryant DDS,michelle_bryant_dds@gmail.com
181,01/09/2021,28/02/2022,332,Kathy Cain,kathy_cain@yahoo.com.br
40,19/07/2021,20/08/2021,333,Robert Colon,robert_colon@gmail.com
122,25/07/2021,25/09/2021,334,Derrick Flowers,derrick_flowers@hotmail.com
187,06/08/2021,05/09/2021,335,Philip Thomas,philip_thomas@hotmail.com
39,22/07/2021,26/09/2021,336,Brittany Day,brittany_day@gmail.com
18,25/07/2021,26/08/2021,337,Roy Nelson,roy_nelson@gmail.com